{"cameraMode":{"drawMode":0,"name":"Shaded","section":"Shading Mode"},"sceneLighting":false,"audioPlay":false,"sceneViewState":{"m_AlwaysRefresh":false,"showFog":true,"showSkybox":false,"showFlares":true,"showImageEffects":true,"showParticleSystems":true,"showVisualEffectGraphs":true,"m_FxEnabled":true},"in2DMode":false,"pivot":{"x":0.04418930783867836,"y":0.2649995982646942,"z":44.12928771972656},"rotation":{"x":0.0007738985004834831,"y":0.9994632601737976,"z":0.010532489977777005,"w":0.03806523606181145},"size":0.24768416583538056,"orthographic":false}