{"cameraMode":{"drawMode":0,"name":"Shaded","section":"Shading Mode"},"sceneLighting":false,"audioPlay":false,"sceneViewState":{"m_AlwaysRefresh":false,"showFog":true,"showSkybox":false,"showFlares":true,"showImageEffects":true,"showParticleSystems":true,"showVisualEffectGraphs":true,"m_FxEnabled":true},"in2DMode":false,"pivot":{"x":0.12363796681165695,"y":0.2464897334575653,"z":44.107913970947269},"rotation":{"x":0.00670947041362524,"y":0.9944756627082825,"z":-0.06413859128952027,"w":0.08571531623601914},"size":0.24768416583538056,"orthographic":false}