{"cameraMode":{"drawMode":0,"name":"Shaded","section":"Shading Mode"},"sceneLighting":false,"audioPlay":false,"sceneViewState":{"m_AlwaysRefresh":false,"showFog":true,"showSkybox":false,"showFlares":true,"showImageEffects":true,"showParticleSystems":true,"showVisualEffectGraphs":true,"m_FxEnabled":true},"in2DMode":false,"pivot":{"x":0.001760721206665039,"y":0.9159427285194397,"z":-0.0361352413892746},"rotation":{"x":0.12151239067316055,"y":-0.004459979012608528,"z":0.0006210586871020496,"w":0.9926347732543945},"size":1.4133508205413819,"orthographic":false}