{"cameraMode":{"drawMode":0,"name":"Shaded","section":"Shading Mode"},"sceneLighting":false,"audioPlay":false,"sceneViewState":{"m_AlwaysRefresh":false,"showFog":true,"showSkybox":false,"showFlares":true,"showImageEffects":true,"showParticleSystems":true,"showVisualEffectGraphs":true,"m_FxEnabled":true},"in2DMode":false,"pivot":{"x":0.33258256316185,"y":0.2516777515411377,"z":44.11379623413086},"rotation":{"x":0.0012507340870797635,"y":0.9993351101875305,"z":-0.001455365912988782,"w":0.042551297694444659},"size":0.24768416583538056,"orthographic":false}