{"cameraMode":{"drawMode":0,"name":"Shaded","section":"Shading Mode"},"sceneLighting":false,"audioPlay":false,"sceneViewState":{"m_AlwaysRefresh":false,"showFog":true,"showSkybox":false,"showFlares":true,"showImageEffects":true,"showParticleSystems":true,"showVisualEffectGraphs":true,"m_FxEnabled":true},"in2DMode":false,"pivot":{"x":-0.06373462080955506,"y":0.29522180557250979,"z":44.18012619018555},"rotation":{"x":0.0022341979201883079,"y":0.9991719722747803,"z":-0.035958051681518558,"w":0.028997143730521203},"size":0.24768416583538056,"orthographic":false}