{"cameraMode":{"drawMode":0,"name":"Shaded","section":"Shading Mode"},"sceneLighting":false,"audioPlay":false,"sceneViewState":{"m_AlwaysRefresh":false,"showFog":true,"showSkybox":false,"showFlares":true,"showImageEffects":true,"showParticleSystems":true,"showVisualEffectGraphs":true,"m_FxEnabled":true},"in2DMode":false,"pivot":{"x":0.00919477641582489,"y":0.2769932746887207,"z":44.06711959838867},"rotation":{"x":0.0023389451671391727,"y":0.9986615777015686,"z":-0.022419750690460206,"w":0.051505573093891147},"size":0.24768416583538056,"orthographic":false}